{"count":1,"self":79.15791999999999,"total":82.3945827,"children":{"InitializeSensors":{"count":1,"self":0.0029671999999999997,"total":0.0029671999999999997,"children":null},"AgentSendState":{"count":23360,"self":0.21834599999999998,"total":0.27705579999999996,"children":{"CollectObservations":{"count":2336,"self":0.013908799999999999,"total":0.013908799999999999,"children":null},"CollectDiscreteActionMasks":{"count":2336,"self":0.0059578999999999995,"total":0.0059578999999999995,"children":null},"RequestDecision":{"count":2336,"self":0.0388431,"total":0.0388431,"children":null}}},"DecideAction":{"count":23360,"self":2.2962667999999997,"total":2.6550436,"children":{"RayPerceptionSensor.Perceive":{"count":2336,"self":0.3587769,"total":0.3587769,"children":null}}},"AgentAct":{"count":23360,"self":0.30060719999999996,"total":0.30060719999999996,"children":null}},"gauges":{"GhostAgent.CumulativeReward":{"count":18,"max":0.99,"min":0,"runningAverage":0.343333334,"value":0.700000048,"weightedAverage":0.485005}},"metadata":{"timer_format_version":"0.1.0","start_time_seconds":"1599788007","unity_version":"2020.1.0f1","command_line_arguments":"C:\\Program Files\\Unity\\Hub\\Editor\\2020.1.0f1\\Editor\\Unity.exe -projectpath D:\/Development\/Unity\/ghost-game -useHub -hubIPC -cloudEnvironment production -hubSessionId 94e52c70-f3c7-11ea-a578-338d2ca81bd7","communication_protocol_version":"1.0.0","com.unity.ml-agents_version":"1.3.0-preview","scene_name":"SampleScene","end_time_seconds":"1599788089"}}