{"count":1,"self":15632.023551999999,"total":25387.8772636,"children":{"InitializeSensors":{"count":1,"self":0.002999,"total":0.002999,"children":null},"AgentSendState":{"count":20112718,"self":127.06141439999999,"total":1888.7844578,"children":{"CollectObservations":{"count":2011272,"self":18.5405712,"total":18.540571699999997,"children":null},"CollectDiscreteActionMasks":{"count":2011272,"self":4.4520948,"total":4.4520949,"children":null},"RequestDecision":{"count":2011272,"self":53.681318399999995,"total":1738.7303731,"children":{"AgentInfo.ToProto":{"count":2011272,"self":20.325367999999997,"total":1685.0490531,"children":{"GenerateSensorData":{"count":2011272,"self":1385.4210048,"total":1664.7236848999999,"children":{"RayPerceptionSensor.Perceive":{"count":2011272,"self":279.30268159999997,"total":279.3026706,"children":null}}}}}}}}},"DecideAction":{"count":20112718,"self":7650.0795392,"total":7650.0797126,"children":null},"AgentAct":{"count":20112718,"self":201.7136512,"total":202.24508079999998,"children":{"AgentInfo.ToProto":{"count":558,"self":0.0079654,"total":0.5314315,"children":{"GenerateSensorData":{"count":558,"self":0.44146929999999995,"total":0.52346609999999993,"children":{"RayPerceptionSensor.Perceive":{"count":558,"self":0.0819968,"total":0.0819968,"children":null}}}}}}},"AgentInfo.ToProto":{"count":17719,"self":0.1919305,"total":14.740412099999999,"children":{"GenerateSensorData":{"count":17719,"self":11.997305599999999,"total":14.548481599999999,"children":{"RayPerceptionSensor.Perceive":{"count":17719,"self":2.5511762,"total":2.5511762,"children":null}}}}}},"gauges":{"GhostAgent.CumulativeReward":{"count":18277,"max":1.9000001,"min":0,"runningAverage":0.637551844,"value":0.900000036,"weightedAverage":0.6304369}},"metadata":{"timer_format_version":"0.1.0","start_time_seconds":"1601165963","unity_version":"2020.1.0f1","command_line_arguments":"C:\\Program Files\\Unity\\Hub\\Editor\\2020.1.0f1\\Editor\\Unity.exe -projectpath D:\/Development\/Unity\/ghost-game -useHub -hubIPC -cloudEnvironment production -hubSessionId d49b4510-003e-11eb-b471-bda7710ae874","communication_protocol_version":"1.0.0","com.unity.ml-agents_version":"1.3.0-preview","scene_name":"SampleScene","end_time_seconds":"1601191351"}}