{"count":1,"self":142.58031359999998,"total":236.3016185,"children":{"AgentSendState":{"count":283551,"self":2.1017162,"total":2.8689025,"children":{"CollectObservations":{"count":28356,"self":0.11576059999999999,"total":0.11576059999999999,"children":null},"CollectDiscreteActionMasks":{"count":28356,"self":0.048857399999999995,"total":0.048857399999999995,"children":null},"AgentInfo.ToProto":{"count":28356,"self":0.2669213,"total":0.6025683,"children":{"GenerateSensorData":{"count":28356,"self":0.335647,"total":0.335647,"children":null}}}}},"DecideAction":{"count":283551,"self":89.3491392,"total":89.3491397,"children":null},"AgentAct":{"count":283551,"self":1.4843321,"total":1.5022609,"children":{"AgentInfo.ToProto":{"count":504,"self":0.008962,"total":0.017928799999999998,"children":{"GenerateSensorData":{"count":504,"self":0.0089667999999999987,"total":0.0089667999999999987,"children":null}}}}}},"gauges":{"GhostAgent.CumulativeReward":{"count":504,"max":1,"min":0,"runningAverage":0.952380955,"value":1,"weightedAverage":0.9999999}},"metadata":{"timer_format_version":"0.1.0","start_time_seconds":"1598747610","unity_version":"2020.1.0f1","command_line_arguments":"C:\\Program Files\\Unity\\Hub\\Editor\\2020.1.0f1\\Editor\\Unity.exe -projectpath D:\/Development\/Unity\/ghost-game -useHub -hubIPC -cloudEnvironment production -hubSessionId 65813760-ea28-11ea-b987-950630827087","communication_protocol_version":"1.0.0","com.unity.ml-agents_version":"1.0.4","scene_name":"SampleScene","end_time_seconds":"1598747846"}}