{"count":1,"self":5530.7587583999994,"total":9484.8970873999988,"children":{"AgentSendState":{"count":10036584,"self":77.078796799999992,"total":286.467551,"children":{"CollectObservations":{"count":1003659,"self":4.6074164,"total":4.6074163,"children":null},"CollectDiscreteActionMasks":{"count":1003659,"self":1.8133534,"total":1.8133534,"children":null},"AgentInfo.ToProto":{"count":1003659,"self":9.1295184,"total":202.96798439999998,"children":{"GenerateSensorData":{"count":1003659,"self":80.4705472,"total":193.8384663,"children":{"RayPerceptionSensor.Perceive":{"count":1003659,"self":113.3679104,"total":113.367916,"children":null}}}}}}},"DecideAction":{"count":10036584,"self":3533.830144,"total":3533.8299969,"children":null},"AgentAct":{"count":10036584,"self":121.5507712,"total":130.05419419999998,"children":{"AgentInfo.ToProto":{"count":39775,"self":0.2995467,"total":8.5034195999999991,"children":{"GenerateSensorData":{"count":39775,"self":3.2615254,"total":8.2038729,"children":{"RayPerceptionSensor.Perceive":{"count":39775,"self":4.9423476,"total":4.9423474999999994,"children":null}}}}}}},"AgentInfo.ToProto":{"count":19254,"self":0.17264069999999998,"total":3.7854142,"children":{"GenerateSensorData":{"count":19254,"self":1.4264416,"total":3.6127735,"children":{"RayPerceptionSensor.Perceive":{"count":19254,"self":2.1863319999999997,"total":2.1863319,"children":null}}}}}},"gauges":{"GhostAgent.CumulativeReward":{"count":59029,"max":1,"min":0,"runningAverage":0.259457141,"value":0,"weightedAverage":0.156595916}},"metadata":{"timer_format_version":"0.1.0","start_time_seconds":"1599442650","unity_version":"2020.1.0f1","command_line_arguments":"C:\\Program Files\\Unity\\Hub\\Editor\\2020.1.0f1\\Editor\\Unity.exe -projectpath D:\/Development\/Unity\/ghost-game -useHub -hubIPC -cloudEnvironment production -hubSessionId 03af2560-f063-11ea-b47b-795b06dc856f","communication_protocol_version":"1.0.0","com.unity.ml-agents_version":"1.0.4","scene_name":"SampleScene","end_time_seconds":"1599452134"}}